cleaned_text,label,emotion
اعتذر ان بدالك شي غير اني احبك,1,love
من بين مجاميع زفه عفش العروسه اللي راحوا يمثلونا في الاوليمبياد اتنين بس فلتوا من الكمين شكرا ليكم ساره سمير,0,joy
الدموع ليست هي الحزن هو ان تستطيع ان تمنع نفسك من ان تبكي امام احد من اجل هذا الاحد,2,sad
ارسمك في عيني علي حزه اشوق ويا زين حالي يوم اشوفك بععيني خواطر غزل,1,love
فلسطين يوم ما دخلوا اليهود ارضك زعلوا العرب خافوا العرب نسيوا العرب اتكسف صخر الجبل هيج رماله,2,sad
يا جدع حرام عليك دي هي روح الاوليمبياد,2,sad
الحب مفتاح العطاء بس اقول همسه,1,love
مش متابعه الاوليمبياد اوي بس مبسوطه ان فيه كذا حد مش صغير بيكسب ضد ال,0,joy
بس باين عليك لي هلبا في لبنان,0,joy
كلمه حق تغطيه بي ان سبورت لمنافسات الاوليمبياد اكثر من ممتازه قمه في الاحترافيه لهم الف شكر,0,joy
ان واحده تروح الاوليمبياد وهي في فريق اللاجئين و تكسب وتوصل ده توجع القلب الناس دي قويه اوي,2,sad
ياريت لاعب خلوق وفاهم زمايله حتي لو يترشح في الجهاز الفني تريكه مديرا فنيا للاهلي,0,joy
عن انساانه دخلت قلبي وحبيتهاااا من غير مكلمهااا في حد ذاااته,1,love
خلص وصلت الفكرا شكرا لانك اثبتلي اني مليش حظ,2,sad
ادم قليل من يصدق منهم في حبه وعظيم هو ان عشق ادم حقيقه بقلمي الرجل حب صدق هو,1,love
مظلومه الحلبه والله حلبه حصا,2,sad
من اروع ما شاهدته هذا اليوم قمه الابداع من البوم قديمه و الجديد كليبياس حبي عبدالعزيز المرشدي صوت الشمال,0,joy
علمتني احب الدنيا علمتني احب وانسي معك هموم الدنيا و المشوار الصعب لايفهم الكلام الاول,1,love
العفو اللي صعبان عليا كمان الناس اللي شقيوا عشان يامنوا مستقبل ولادهم وفي الاخر تحويشه العمر مش هتساوي نص قيمتها,2,sad
ليس من الحب ان تتغافلوا عن الزلات بل ان تغفروها,1,love
عن احساسك وانت مش عايز حد جنبك ولا حتي يهتم بيك اكتفيت بنفسك وعايز تبعد عن كل الناس,2,sad
ويسعدكم اجمعين امين يارب,0,joy
اعمق من مجرد لقاء او حتي اطراء الحب تضحيه وعطاء الحب استدامه وبقاء,1,love
لو روحت الاهلي يا محمد يا ابراهيم ابقي سلم علي اينو و صبري و طارق السعيد و محمد صديق يوصل ان شاء الله,0,joy
اسطوره الاوليمبياد فيلبس كسب الميداليه رقم بس المره دي فضه كده عنده دهب و فضه و برونز يلا ريو,0,joy
بفضل قاعده اتفرج ع الاوليمبياد واتحسر علي حياتي واحس اني مليش لازمه ف العالم,2,sad
اعترافه وتعبيره بالحب حين قال صلي الله عليه وسلم عن خديجه اني قد رزقت حبها واشارته ان رزق موقف من حياه الن,1,love
ال ماشيه بضهرها و حطت عليا,2,sad
وكيف لي ان اخبرك عن تضاعف دقات قلبي عند سماع صوتك,1,love
في ف كتاب كده كانو مشبهين الروتين ب الانسان اللي بيدخل النار كل يوم ويطلع منها يغير جلده ويدخل تاني دايما بقي متخيلين احنا بؤساء اد ايه,2,sad
طلعت اعرف امتنان من اكثر من سنه,0,joy
اذا ضحكت اضاء بذاك قلبي وعيناها وعينا من راها ومجهول اذا شربت اتروي ام الاكواب من يروي صداها القريض,1,love
هي البدر حسنا والنساء كواكب و شتان ما بين الكواكب والبدر مجنون ليلي شعر فصيح غزل شعر غزل ابيات,1,love
الناس اللي بتلعب باسم مصر في الاوليمبياد عانوا كتير مفيش اي اهتمام من البلد كله بمجهوداتهم متعاطف معاهم علشانهم مش علشان البلد,2,sad
شعور الفرحه اللي م بعدها فرحه لما تشوفي صديقه قلبك عروسحبيبه قلبي الله يتمم لها علي خير,0,joy
كنت بهرب من الدنيا و اجيلك بس دلوقتي الوجع منك اهرب لميـن,2,sad
خذاك الموت ليت الموت لو ليله بعد خلاك ياربي بس ابي ليله معاه اودعه فيها جرح بوح غياب,2,sad
لكل فاتنه تبحث عن التميز مع البخورالملكي,0,joy
الله يرحمو مات زويل وبقي عويل الله ينور علي هذه الامه العريه الغارقه في الجهل والحرب,2,sad
الاشتياق ان اتحدث مع رسائلكـ في غيابكـ,1,love
فان كانت الاجسام منا تباعدت فان المدي بين القلوب قريب جماليات القريض نمير البيان,1,love
اللهم نوم طويل ونفسيه حلوه وراس مايصدع,0,joy
اللاعب اسلام الشهابي الذي خسر من لاعب يهودي في الاوليمبياد اسرع خساره في التاريخ دقيقتين و ثانيه بنتيجه يا ليتك انسحبت,2,sad
يوما علي حصار منبج السوريه مئات الضحايا والمفقودين تتدهور الاوضاع الانسانيه لاهالي مدينه منبج السوريه,2,sad
فقط في الحب تسيطر العاطفه علي جميع القرارات,1,love
فــــــراق السـلام علي قبـورهم اولـئك الذين سدلوا ستـار الحيـاه وتركونـا في صدمـه المشهـد,2,sad
صباح الخيرات,0,joy
وما الحب الا مساحه جميله من الرحمه والموده والقدره علي الغفران والتسامح,1,love
كفايا خروج من الاوليمبياد يا جدعان جسمنا باظ,2,sad
حاضر هنهري اسبوع في علم السعوديه اللي اترفع في بعثه الاوليمبياد المصريه وننسي ونسكت وميحصلش حاجه ولا نتقدم خطوه واحده حاضر,2,sad
صباح الجمال رضوي,0,joy
الاستاذ جميل جمال ملوس مسال تخاريف محمد صبحي,0,joy
هو تلك العاطفه الساميه التي تجعلنا نتزوج وننجب الاطفال وننشئ الاسره وفي ليالي الشتاء البارده نجتمع حول المدفاه محمد عفيفي,1,love
عمر ما حد هيحسوا غير اللي داقوا و مر بيه,2,sad
اساس استمرار الحرب جهوي مناطقي اطماع مصراته وطرابلس في السلطه والمال ومقدرات برقه في اقتصادها وضرب سلالتها قناه الحدث جمعه انقاذ بنغازي,2,sad
وهذا الحب اغرقني اشتياقا فمن في حب مكه قد يلام صدفه رائعه والتقاطه جميله للمصور احمد حاضر,1,love
حسام البدري احسن واحد يتفلسف ويضيع تعب الفريق كله ولا نسيته لما هزقتوه وطردتوه ولا نسيته تصفيات الاوليمبياد زملكاوي,2,sad
مشكور وضاح عالموقع المؤثر الله يكثر من امثالك,1,love
مشكله لاعيبه مصر في الاوليمبياد مش انهم بيادو وحش المشكله انهم مبيعرفوش يفوزو ودي حاجه زفت لانهم مش واقعين خالص ولا فوق خالص حاجه مسخ كده,2,sad
الحب يستاذن المراه في ان يدخل قلبها اما الرجل فانه يقتحم قلبه دون استئذان جورج برناردشو,1,love
اشد من الموت ما يتمني الموت عنده فلا ياتي عذاب الله مجرم القاضيه العذاب مالك جهنم,2,sad
اين انت سؤال يراودني كلما طفح حنيني بك وغمرني شوقي اليك لاكتبك حكايه حب علي قيد الانتظار اتلوفيها ايات الفقد والنسيان,1,love
لنا دشتي لمه حق امام سلطان جائر,2,sad
اشتهي ان ترجع بي سنين لاجلس علي ارجوح ولا افهم م يدور حولي,2,sad
في ناس بتكون عم تضحك قدامكعيونن عم تلمع فجاه بتصير تتغير ملامحن شوي شوي من ضحكه لزعلو عيونن بتصير شارده بتنطفي اللمعهبترجعلن غصه,2,sad
هيا مصر مش ناويه تفوز في اي لعبه في الاوليمبياد كله خساره خساره مافيش فوز,2,sad
الحب حرفين تشمل كل علم الكلام والصمت فيه اجمل التعبير عن سيرته عنايد الحرف,1,love
انشغال هبه مجدي بالاعمال الفنيه مما يمنعها من قضاء شهر العسل,1,love
لا تجعلوا اقصي امانيكم او تطمحوا له بلا امانفالحب بلا امان كالطفل الحرام يلقي علي قارعه الطريق لامستقبل له ولا هويه,1,love
ايهاب عبد الرحمن بره الاوليمبياد عشان في شك انه اخد منشطات حماده رفع علم دوله تانيه بكل وضوح ولسه موجود لا وكمان بجح,2,sad
فاذا وقفت امام حسنك صامتا فالصمت في حرم الجمال جمال كلماتنا في تقتل حبنا ان الحروف تموت حين تقال,1,love
احلي حاجه في الاوليمبياد البنت اللي راكبه العجله قبل اي دخول لاي بعثه,0,joy
قال لها اغمضي عينيك حبيبتي ثم سالها ماذا ترين فقالت لااري سوي ظلمه فقال هذه حياتي من دونك هكذا هو,1,love
يسعد صباحكم,0,joy
ليس كلمات عشق وغزل فقط بل هو العنايه والاهتمام بمن تحب والبقاء معه طول العمر دون ان تتغير مشاعرك تجاهه صداقه,1,love
ظلمتني كثير فكان من المنصف ان اظلمك بفراقي كان علي ان اهجرك لتدرك قيمتي في حياتك,2,sad
الخليج بنت المصانع الحربيه واستعدت لمواجهه غطرسه الغرب وامريكا واسرائيل وليس بالضروره ان تقوم بحرب لاثبات قوتها,0,joy
انا اسفه دوست علي رجلك لا عادي ولايهمك انا اعرف وحده داست علي قلبي ومتاسفتش,2,sad
وطول ما النحس قاعد علي الكرسي ما نترجي منه خير نسال الله ان يزيل الغمه عن مصر و اهلها,2,sad
لو كانت الحياه ملكي لامرتها ان تبقيك قربي ولو كان القدر بيدي لجعلت قدرك قدري ولكن الحمد لمن جعل بيدي كي ابقيك حبي الابدي,1,love
يا تري كيف حال اهالي راس غارب بعد السيول وتعويم الجنيه وزياده اسعار البنزين والسولار والبوتاجاز وجع,2,sad
المفروض ما نتابعش الاوليمبياد عشان دي جايه معانا بالعكس خالص بوم,2,sad
مهما كنت مجتهدا بنسيان الماضي صدفه واحده قد تعيدك للوراء سنين,2,sad
هم هههههههههههههههههه,0,joy
علي ذكر الاوليمبياد النهارده كان من اسوا الماتشات للي شوفتها لمنتخب مصر في اليد من اول ما تابعته في,2,sad
الذي يحبك حقا هوالذي يري فوضاك التي تعيشهاومزاجك المتقلبوصعوبه التعامل معك احياناوهومع كل هذايريدك ان تبقي في حياته في الله اصدق,1,love
يعني النوم هو الحل بردو بس كده هسقط,2,sad
في الحب لا ننسي الا انفسنا الانثي,1,love
بعض الاوجاع لا ترممها ابتسامه عابره,2,sad
المعني الحقيقي لكلمه الكريسماس,0,joy
افراح و سرور يوم ميلاده اعياد و زهور يوم ميلاده مولد السلطان رضا جان,1,love
يخربيت جمال ابوكم,0,joy
هو الشوق لشخص عندما تبتعد عنهلكن بنفس الوقت تشعر بالدفء لانه قريب في قلبكككك,1,love
سيدي المحترم محمد بن راشد ال مكتوم تحيه طيبه وبعد كان عندي فكره كنت حابب اسوقها لدوله الامارات اتمني التواصل تحياتي لفخامتكم,1,love
كل سنه وانت طيب طيب نؤجل التهنئه ليوم ابريل يوم مولدي ينفع,0,joy
اصبح العراق بين فكي كماشه شله مجرمين داعش من صوب و الحشد الشعبي من صوب ولا عزاء للضحايا,2,sad
رايت الهلال ووجه الحبيب قهوه السابعه كوب لشخصين عناقيد حرف نمير البيان حكايا مسك نخبه النون شواهق نجد ذكريات جميل,1,love
اخيرا ده انا قربت انسي اننا دخلنا الاوليمبياد اساسا,0,joy
انت ختام الشعور في صدري ما عاد فيني قوه لـ حب غيرك رتويت رومنسي بوح خواطر يبتي جميل رائع غزل شوق ذوق,1,love
اسمها ابتهاج وكلينتون عبرت عن سعادتهابمشاركه اول امريكيه محجبه في الاوليمبيادانتخابات وكده,0,joy
كنت بائس من حياتي وحزين الساعه لكن دلوقتي متفال ومبسوط فشخ سبحان مغير احوال,0,joy
الفطور جاهز حبيبي,0,joy
يا بخت الناس اللي بتشوف الناس اللي احنا بنشوفها اه والله بجد,0,joy
اكتفيت ب وحدتك ومزيكتك والاوضه الضلمه والسكوت والامبالاه عايش هربان بنص ميت,2,sad
وحيد في نص الطريق باين علي وجهي الضيق يلحقني بضيق واضيع بين العاارفين مالي قريب ولا صديق انا حبيب الغاايبين,2,sad
وجدتك انت ليجبر الله بك كل كسر مر بي مشاعر بوح قبل ان تنام,1,love
ليست كل القلوب التي ترحل ناكره ل الحب فبعض القلوب ترحل لـ انهاتحب,1,love
عارفين احنا ليه جيل مكتئب عشان عرفنا كل حاجه ع حقيقتها بدري,2,sad
حكايه جميله تحتوي علي الكثير من الخيال الذي نسج بين قلبين,1,love
وياخذني الحنين اليه عبثا احاول فتنهمر دموعي اااه من هذا بقلبي يتذكرهم وهم في طور النسيان,2,sad
عن فرحتي اللي متتوصفش ياناس يارب احمدك يارب مبروووك لشاهين وتحيا مصر باولادها,0,joy
الموت ليس ب فناء الجسد وانماااا ب ضياع الروح التي تسكن القلب فعندما تترك الروح مسكنها بحثا عن من تحب ينهار الجسد ويموت,2,sad
ليتنا ماعرفنا بعض ولا عشقنا ليتني غضيت البصر ولا شفتك ليت العمر وقف يالغلا ولا تصادقنا ليت مابه حب بهالدنيا وماحبيتك,2,sad
خساره تنصدم في ناس فرشت الدرب لخطاهم وهم بارخص تراب الارض يبيعوني ويبيعونك,2,sad
عن انساانه دخلت قلبي وحبيتهاااا من غير مكلمهااا في حد ذاااته,1,love
الاوليمبياد ديه جميله فشخ ياخوانا انا بفرح للي بيكسبوا والنعمه كاني جمهورهم احسن حدث رياضي الواحد يشوفه فعلا,0,joy
صبااحي يقتضي وجود ي اشعر بروعته صبااحي انت صباح شوق,1,love
كل عائق في وجه الحب هو مؤقت الحب لا تهزمه العوائق لان سموه يعلو فوق قانون البشر,1,love
لم يتغير شي ابدا مازلت انظر الي عينيك ب,1,love
الاغنيه دي انا حبتها واول مره اسمعها كانت من يوسف رنا سماحه مع عمرو الليثي,0,joy
ايه النكد دا رايحه الامتحان و وحده مشغله مصطفي كامل بصوت عالي اوي انا ناقصه,2,sad
كـنت نفسـك تبـني دنـيااا طعـم تااني و حـاجه تـانيه,2,sad
الاسبوع هادا كل ما افكر كيف بدو يمرق برج راسي انو احاول انسي وبرجع بفكر مش هييييك,2,sad
انا فضولي فشخ,0,joy
والخدمات في عمان لا ترقي بالمبلغ المدفوع والعروض هزيله,2,sad
اشكرك استاذ حمد علي دماثه اخلاقك وسعه صدرك واتمني للجميع التوفيق,1,love
اشرق وكان الكون كله لك صباح السعاده متطوعينا متطوعو الاردن تطوع سعاده عطاء اطفال متطوعو الاردن,1,love
احبني و احب ان اعلمكم ما انا مؤمنه به ضحي دوره شريك الحياه زواج,1,love
ساره سمير فخر مصر في الاوليمبياد تسلمي,0,joy
تبتسم فيفوح عطر قلبك ويضحك الياسمين لظلك تنتشي الروح لذكرك قروب خالد للرتويت قروب شعله الامل,1,love
الحب ريشه تملك القدره المتناهيه لرسم الجمال اللامتناهي علي اولئك الذين نحبهم,1,love
هل كتفك شاغرا الليله لراسي المثقل بالفراغ سؤال برودكاست برسونال,1,love
بس تكتشفو انو حلب محاصره رح نضحك عليكم للصبح,0,joy
ايوا بقا,0,joy
احتفال الاوليمبياد,0,joy
الحب وسيله و الزواج غايه فمن لم يكمل الحب بالزواج بسبب فراق ساذج فهو لم يحب ابدا خطابه المدينه المنوره الزواج,1,love
يا شام ان جراحي لا ضفاف لها فامسحي عن جبيني الحزن والتعبا وارجعيني الي اسـوار مدرسـتي وارجعي الحبر والطبشو,2,sad
احبك تحيه لـ يوم حافل بالحب والحنان ياصباح الحب والعطر والاشتياق صباح احساس بوح,1,love
عماله اعد فه سمعته بتاع خمستاشرمره,0,joy
اذا كان انا بسمعه الوقتي علي السوند,0,joy
تم لك وصباحك عسل,0,joy
لانك مني وانا منك سقوطك يؤذيني جدا يا صديقي,0,joy
لقد هرمناااا اول ميداليه في الاوليمبياد لمصر احرزتها ساره سمير ف رفع الاثقال,0,joy
يزورنا الموت لنتذكر اننا قد نفقد اغلي من نحب في هذه الدنيا بلمح البصر او قد نكون نحن من يغيب عن الوجود,2,sad
اللي تقهرني مدن ايام الثورهوالدق الصح رايات خضروجوسمح وفلوس وتوا توار حقيقيين ومع الخوارج وكلاب لمليشيات مزراطهكيف جت هذي يي ياما دونها,2,sad
ان الغرابه كلها اني محاط بالنساء ولا اري احدا سواك نزاريات,1,love
صباااح الورد,0,joy
جعلني مشط لشعر الحب غزل رخيص,1,love
لحظه غريبه جالي فيها لطفولتي وتحديدا لمه العيله في اجازه الصيف لما ننزل مصر لما شفت تتر المال والبنونقلبي وجعن,2,sad
كوبا تحتفل بعيد ميلاد فيدل كاسترو ال باطول سيجار كوبي,0,joy
وساعات كمان من الشات,0,joy
لو كل واحد يخليه فحاله بس,2,sad
قتلاناهم اسياد الارض واستشهدوا في سبيل كرامه اليمن ضد عدوان جبانانتم المعتدين و الله لا يحب المعتدينلذلك سننتصر نجران الان,2,sad
اه قريت كلهم حققوا انجازات بتضحياتهم بطله مصر منعوا تاجيل امتحانات الثانويه لها بسبب مشاركتها في الاوليمبياد و اضطرت تسقط,2,sad
الحب مو كلمه احبك احيانا رجفه يد و فزه قلب وحياه,1,love
كل شخص مفرط بالمحبه انصحه الا الهلالي خله يحب الهلال,0,joy
كفوووو شاعر ماشاء الله,0,joy
اللي عندي يحرقون المسلسل علي,2,sad
والله انا كل ما اشوف الناس بتتكلم عن الاوليمبياد الاقيهم بيحكوا ان ولدنا بينداس عليهم للاسف,2,sad
لاتدع يلتهم روحك وكن واثقا بان الله لم يخلقك لتتعذب في الحياه بل خلقك لتعبده بجميع حواسك فتستشعر سعاده الدنيا والاخره,2,sad
تحيه لموقف العاهل السعودي والموقف الاماراتي الداعم لمصر وندعو جامعه الدول العربيه للدعوه لقمه عربيه طارئه لدعم مصر وشعب,0,joy
هايمين في شوق وحنين وكلامهم بقي بالعين والجو الرومانتيكي خلي ساعه دقيقتين,1,love
مسابقات الاوليمبياد هتبدا بكره في البرازيل البتاع ده انا كنت بحب اتابعه جدا وانا صغيره,0,joy
ما ذكر الله علي صعب الا هان ولا علي عسير الا تيسر ولا مشقه الا خفت ولا شده الا زالت ولا كربه الا انفرجت,1,love
مع من نحب نجد في ابسط الاشياء فرحا بوح خواطر,1,love
الله علي,0,joy
زواج الشيخ محمد العريفي الله يبارك له و يتمم عليه بخير,1,love
الله يعزكم دايما واقفين وقفه ابطال مع اخوانكم العرب صدق من قال ان مصر هي ام العرب الله يحفظ الجميع من فتن الزمان,1,love
الف مبروك ولله مصر كلها فرحنالك ومستنين منك الاغنيه الاولي محمد شاهين,0,joy
ياحبيبي احبك والقصايد دليل كل بيت كتبته في عيونك غزل بيت شعر لدرب الحب لجلك يميل وقبل شوفك قصيد الحب ماله امل,1,love
لله مااحلاك في روحي وما اشهاك في قلبي وفي وجداني ايلام يا نجران مثلي عاشق ويذم ان ناجاك صب عاني هذه نجران,1,love
مش عايزه اصاحب حد ولا عايزه حد جنبي فعلا لاني زهقت من البعد صحوبيه ايه الا تخليني اتصل بيكي مترديش تشوفني مخنوقه ولا مدايقه صحوبيه ايه,2,sad
بابا لسه داخل البيت دلوقتي فـ شاف التلفزيون علي الاوليمبياد فـ بدون سبب والله ما اعرف اشمعني قالي هي اسرائيل مشاركه اه كشر وسكت,2,sad
شكرا ساره سمير اول ميداليه لمصر في الاوليمبياد عاش,0,joy
ماجد الصباح في عمان ماشاء الله صحه يارب شكل الفواكهه بتجنن والطعم ارضك ارض طيبه ياعمان,1,love
هو انتوا عندكوا امل ان احنا نعمل حاجه في الاوليمبياد احنا فاشلين في كل حاجه يا جماعه,2,sad
فيه زوجين يحبون بعض انجبوا غلا و شوق و هيام,1,love
البكاء امام الله حب,1,love
انا من صباحيه ربنا ومفيش في الاوليمبياد دي الاكلمه خروج المصري او المصريه الله يكسفكو,2,sad
وشفيك ياقلبي تفنن في سواليف العتاب حتي الحبيب الي تحبه في ثواني تقهره ضيعت بعمري كثير وشبت في عمر الشباب وهقتني في واثر الحب كله مصخره,1,love
احمد حلمي عسل عسل عسل عسل عسل,0,joy
مشهد دخول الفرق في الاوليمبياد من اعظم المشاهد في التاريخ الوطنيه والانتماء والحب مشهد خيالي والله,0,joy
الــــــم ما اصعب ان يراك الجميع صامتا و في داخلك مدينه من الضجيج,2,sad
لا حول والا قوه الا بالله,2,sad
مصر خدت ميداليه بس علي مدار تاريخ الاوليمبياد معظمهم قبل سنه نفسي الناس تعيش الواقع بقي,2,sad
معلش في بدايه الاوليمبياد بيستعرضو الدول المشاركه وجودك ومشاركتك فيها اصلا اعترافا بدوله اسرائيل بدليل انها معاك,2,sad
بين البشر تايهين من كل كاس شاربين زفتي,2,sad
ماشعورك لوكانت ابنتك اواختك تموت جوعا بين يدك والقهر والحزن ياكل قلبك ولابيدك حيله تخيل,2,sad
ما اصعب ان تشعر بـ العميق وكانه كامن في داخلك الم عريق تستكمل وحدك الطريق بلا هدف بلا شريك بلا رفيق احلام العاجز بوح,2,sad
ماهو الحب احساس يجعلك تحلق وتنسي ان ليس لديك جناحين فتقع وتتكسر ان لم يلتقطك حبيبك انتبه,1,love
فنجان قهوه مره والكثير من ذكرياتنا وجرح عميق,2,sad
ههههههههههه اه والله,0,joy
لما تتحقق احلامك ماتنساش تدفع ديونك القديمه,0,joy
بعدما خسرنا كل ماكان لن يعود بنا الزمان ولكن مؤكد خسارتنا ستكون في القادم اوجع مما كان مملكه القيصر,2,sad
ولو اخفيت شوقي عنك يفز القلب لك من دون طوعي بوح خواطر قروب مزاجي للرتويت عيونك دنيتي للدعم,1,love
الظاهر اني ابتديت وعلي حبك غديت شعر الرياض,1,love
لا وقف بين البوح والتمتمه احبك بصمت واحبــك بكـل الكلام,1,love
اقرار ل محمد منير,0,joy
بلغوها اذا اتيتم حماها انني مت في الغرام فداها واذكروني لها بكل جميل فعساها تبكي علي عساها شعر فرح حزن خواطر عتاب بوح قصيد غزل,1,love
صعبان عليا انزل و اسيب الاوليمبياد شغاله,2,sad
معلق انا علي مشانق الصباح وجبهتي بالموت محنيه,2,sad
وتعيش يا جيش بلادي,0,joy
الحب يحفظ الجمال وبشره المراه تغذيها المداعبات كما يتغدي النحل برحيق الزهور ان كنت تقرا,1,love
الاوليمبياد حلوه جدا وماتشات مفتوحه من الطرفين ومهرجان اهداف,0,joy
اللهم انصر استاذ امجد علي كل ظالم و حاقد,1,love
السعوديه الثالثه في السمنه سمني زوجك بلعيه بلع عشان ماياخذ غيرك هع,0,joy
ياعالم بالسر وما بقلبي انت تعلمه فحديث قلبي بك انت منك فيك لك,1,love
الحب يسلبها كيدها يرجعها الي براءتها الاولي ويدفعها الي الذهاب بعيدا حيث لا تعرف وحيث تخاف فهي لا تقاومك احيانا بل تقاوم نفسها ان تحب,1,love
بدونك لا طعم لوجودي,0,joy
رنا سماحه ياقلبنا ما تغبيش عننا لانك سرقتي قلوبنا كلنا رنا سماحه في انت حر,2,sad
بونجوووغ مادموزيل,0,joy
يعني اول ما اصحي من النوم اشوف احمد الاحمر وهو داخل بالعلم في الاوليمبياد ده صباح الخير بزياده يعني,0,joy
الحمد لله عندنا ترام,0,joy
بيعملوا ستيكرز في بوستات وبيغيظوني يا سماح عشان مش معايا فلوس اجيب ايفون,2,sad
نصف السعاده تجدها في روح تفهمك والنصف اخر في قلبا لن يتغير عليك امير,1,love
الـــف مبرووووك,0,joy
في كلمه امنيتي له بالسعاده والراحه والفرح وكل شي جميل حلمت ان يجمعني به,1,love
ذكري الغزو العراقي الغاشم اطماع شخصيه يظنها صاحبها هينه ويستغلها العدو لصالحه فلا الطامع نال مطامعه ولا الامه سلمت من شرورها,2,sad
الحب الذي يخلو من المشاجرات و الغياب و العتب و الغيره و السهر و الحنين لا نكهه له,1,love
خايك معا حمد ويقولوله دودو,0,joy
ليس هناك رجل يستحق ان تبكي من اجله ولا تصدقي انه حزين لفراقك ف دائما عند كل شرقي بديل نزار قباني,2,sad
يومكسعيدباءذنالله طيبهالقلب ربنايجعلفيوشكجوهرهولسانكسكره,0,joy
عااااش جدا ربنا يكرمك يا ريت مصر تحقق انجازات في كل حاجه و يكون فيها ناس مخلصين زيك انت و بعثه المنتخب في الاوليمبياد ربنا معاكم محمد ايهاب,0,joy
حوادث حادثه خطيره بين مدينه العيون والمرسي لبلايا اصيب فيها السائق بريزونطا بجروح خطيره ادت الي وفاته في,2,sad
علي هواك كلمه قلتها اوجعت فيها قلبي وانت لو تدري شوفتك تفز فيها القلب,2,sad
ولا اي كلمه اتقالت في يوم ما بين اتنين تسوي حلاوه كلمه منك قولتهالي,1,love
لو كنت اعلم ان حبك يقتلني اعددت لي قبل ان القاك اكفـانا,1,love
ندي معوض ودعاء الغباشي برافو بجد لاول بنات مصريه تروح الاوليمبياد في الكره الطائره الشاطئيه وسنهم و سنه,0,joy
ابكاني كمدا وقهرا,2,sad
للحين احبك وحبك اجمل اسراري والقلب بيديك واسقه قبل لا يهلك يكفيني اني الي خلصت اذكاري اقول امين مره لي ومره لك بوح,1,love
ربنا يحميك انتا وزكرياااااا بس تعالا هنا مش تباركلي,0,joy
التواصل بيننا علي توتير دا نوع من الموده والرحمه وزم نسال علي بعض ونطمئن علي بعض ياريت اخق الكريمه تسود بين الناس,0,joy
فتن قلبي فتنه تاوي بي لعمق الحب يا نبض ذاك القلب الذي اصبح في قبضتك عتم بوح احبك تصويري,1,love
هنالك شخص يقبع بمنتصف القلب ويعتلي عرش الذاكره لايمكن ان تنساه الذاكره او يغفل عنه القلب حاجه عمري منسيتها,1,love
الميزه في الاوليمبياد انك بتخلص بتلاقي حاجه تانيه تشدك,0,joy
حتي عيونها كانت الغزال تغااار من عيونهاالغزال يقول من وين لك هذي العيونهي ترد وتقول حبيبي منصور ساكن فيهااكيد بتكون حلوه وذربه غزل,1,love
تري حلاه العمر مع من تحبه شخص تريده من جميع المخاليق بوح ابيات,1,love
روح يا عبدالسلام وراها اشمعنا دي يعني هو الكنترول ده مستكتر علينا ننام يوم مبسوطين,2,sad
باهي ياعليوه سلمك نصاح,0,joy
اول لما السيسي قال انا شايف النصر زي منا شايفكو دلوقت هوب دبل كيك لقيت كل اللاعيبه المصريين في الاوليمبياد بيخسرو وبيروحو علي بلدهم,2,sad
شكرا,0,joy
فاضله تتبرع لعلاج الاخ شعبان بمبلغ اسهم اسال الله ان يبارك لها ويتقبل منها ويسعدها ووالديها في الدارين,0,joy
انا مش مشكلتي ان احمد زويل يموت عادي لان كلنا هنموت ال مزعلني وقاهرني ان ضمير العالم هو ال يموت,2,sad
وحشني احساسك وحشني حبك المجنون وحشني صدرك الدافي يا اروع حب في الكون,0,joy
ما تعريفك للحب الحب الحقيقي هو الذي ينتهي بيد ثالثه وغير ذلك اكاذيب,1,love
حين تكون معي يكسوني جنون العشق حين تكون معي تضطرب نبضات القلب حين تكون معي استطيع ان اقول اني احب صباح الخير,1,love
صوتك طمانينه كمصباح مضيئ يقشعر لها ظلام الليل الحالك وحين يعيث الفساد في حبائل الالحان نغمتك ولاسواها تهدئ من روعي,1,love
المصريون في الاوليمبياد وثقافه الاستسلام للفشل,2,sad
قالك قطر خاشه الاوليمبياد ب لاعب اللي يبي يسرق قطر يستغل الفرصه الشعب كله في البرازيل,0,joy
انت ممكن تداري وجعك ودمعتك وديقتك عشان بس متصعبش علي حد,2,sad
احنا ولاد الكلب الشعب خد مفاتيح سجنك وياك واتركني لوطني فيديو لكنه ولا شيء امام ما يحدث للمعتقلين في الحقيقه,2,sad
نم الي علمي انك اتخرجتي وا من هذا المزنق احب اقولك مبروك وربنا يوفقك في حياتك وتبقي دكتوره كبيره كدهون,0,joy
الفرجه ع الاوليمبياد متعه,0,joy
تعبت احبك وانت ساهي ولاهي محتاجه فرصه غير كلمه ظروفك,2,sad
موقف بطولي للملازم صالح النعمان العنزي انطلق الي موقع الناقله كان بعيد فاتا بها وانقذ المصابين وهو مصاب بالشظايا,0,joy
اعشقه واحبه من الساس للراس قلبي و قلبه بالمحبه رفاقه غزل,1,love
ههههههه ربي يسعدك,0,joy
اجعل ليلي محرقا واصليني عشقا,1,love
يغار ضياء البدر من من نور وجهه ويخجل غصن البان من لين قده شعر رمزياتي,1,love
الي هيحبك بجد هيحبك عشان قلبك مش عشان شكلك حلو او فلوسك كتيره غير كده دا مش دا نفاق,1,love
اذا احببت شخصا خذه معك في دعائك دون علمه فهكذا يكون الحب اجمل واصفي وانقي واقرب الي الله فـ دعاء,1,love
اني اقبل الالم قبله وداع اذا قبلتك,1,love
انا اتمرمطت قوي يا راضي اتمرمطت قوي انا مش عارف حعيش ازااااي كده عادي زي ما كل المصريين عايشيين طااااب,2,sad
لقد تم تعطيل الحساب,2,sad
لازم البنات تتفرج ع الاوليمبياد,0,joy
كل الحب ان تناديني ب قلبك قبل صوتك ان تشعر في حاجتي لك قبل ان ابكي ان تشعر,1,love
كويس لي جي ضي شويه علي اقل نشحن كروستي االكهربايه باش منقعدش في حوش في مكان واحد وين يهرب ضي اشعر بي احباط شديد وين يهرب ضي لفتره طويله,2,sad
بس الاوليمبياد دي حاجه تفرح والله الواحد بيحس بطاقه كده وهو بيتفرج عليهم,0,joy
احنا جيل اللي شاب و هو شباب,2,sad
عام سعيد عليكم يارب,0,joy
هل اخبرتك قدس انني اعانقه كل ليله باحلامي ارتشف الهواء من بين اضلعه كطفله مشاغبه,1,love
الحب الاعظم هو ان تحتضن صوره مليئه بملامح الشخص الذي تحبه ويليهامسون الغامدي محب,1,love
دوبني دوب يا هوي,0,joy
الحب الحقيقي هو اقتسام بعض نفسك مع شخص اخر اقرب اليك من نفسك ـ احلام مستغانمي,1,love
شكلها هتكون اسوء مشاركه لمصر في الاوليمبياد,2,sad
حزن حزن,2,sad
الاوليمبياد بتعرفنا ان كره القدم دي ابوخ رياضه,2,sad
والعشق الذي لا ينتهي عند الانسان هو حب الوطن احد ابطالنا ف الحد الجنوبي يكلم بنته يارب رده لها سالم غانم,1,love
انسج خيوط الحب والمحبه واهديها لمن هم الاقرب الي قلبك لانهم يستحقوها,1,love
فيلم اخرجته انجولينا جولي يتصدر شباك التذاكر معاذ الكساسبه,0,joy
احببتها والانجيل شرعتها ومحمد نبيي والمسيح قدوتها واحبتني بكل ذره تسكنها يا قومي هذا لايفرق بين ديني ومعتقدها,1,love
معرف يعني ليش حظي مع السواقين زباله عشان صوتي صغير يصرفوني ول شفيهم علي برب موت حسره,2,sad
الله هو الذي يمنح لنا احبائنا لا يمكن ان يوجد من خلال نسيان الله اولئك الذين فقدوا حبهم لـ الله ليس لهم معني في,1,love
سر كل علاقه ناجحه بالله ثم بخلقه بالحب تعبد ربك صح وبالحب تبر والديك وترافق شريك حياتك وتربي اولادك وتحسن للغير صالح الكناني كافيه,1,love
مولر لاعب نايم طول المباراه وفجاه تحصله يحتفل بالهدف بس اهم شيء انه يسجل,0,joy
نيالو لي عندو حبيب,2,sad
الحب ان تقرء كلمه جنه فيتشكل في عينيك وجه امك,1,love
انا اليومين دول كل اللي بعمله اني بنام و اصحي اتفرج ع اللي بياخدوا ميداليات في الاوليمبياد و اتحسر علي نفسي,2,sad
داخله الاوليمبياد تتشقلط وتتبقلش وتيرجع اوصف مصر ف تويته,0,joy
نافذه علي مصر محمد جميل الغرب لما يحرك ساكنا عندما شاهد الديمقراطيه تقتل بالرصاص,2,sad
هناك في داخلي نار مشتعله لا استطيع ايقافها اشعر برغبه ملحه للبكاء همال تعب حيره شتات والكثير الكثير,2,sad
منذ رحيلك القاسي وانا معتقل في سجون الحزن,2,sad
تغريدات يوسف الفضلي يعتزل بعد عطاء اكثر من سنه مع منتخب الكويت,2,sad
ديل بوترو كده يبقي خرج دوجوكوفيتش و نادال من الاوليمبياد لك الله يا زمالك,2,sad
ليكن كلامك مع من حولك عنوانه دائما الايجابيه والتفاؤل واساسه محبه الخير للغير صبــــاح الـــ خير,0,joy
الحـــب هــــو ان تري في طريقك الف شخص ولا يروق لك الا من احببت,1,love
هلا هلا,0,joy
سئمت انتظاري وطول الطريق بقاااا,2,sad
لا تخبرني بانك تحبني افعل مايجعلني اعلم بذلك سالخير,1,love
يوصل بالسلامه مصر هتنوووور,0,joy
صباح الغلا,0,joy
الحمد لله علي نعمه المناخير الصغيره,0,joy
و كمان الاوليمبياد ممتع زي كل مره بكل حاجه فيه,0,joy
اصبح كمؤامره حيك ضد قلبك مجرد احساس,1,love
شاعر الوطن خلف بن هذال اجري عمليه في احدي مستشفيات لندن تكللت بالنجاح طهور ومايري باس وحمدا لله علي سلامته,1,love
سهم نافذ ولكل سهم مستقر والحب اعذبه الــذي حرق القلوب بلا شـــرر,1,love
بحس بامان يملاني لو بنطق حروف اسمك ساعتها لو بموت ترجعلي روحي في حاجه نفسي فيها ياما حلمت بيها تخدني حبيبي في حضنك ويقف الزمان سميره,0,joy
الحب النقي هو من يسكن الوحش الذي بداخلك اطلق العنان للمحبه وكن روحانيا كن طيبا كن عاشقا جلال الدين الرومي,1,love
لو كل بكل قلب اتجمعوا انا حبي اكثر,1,love
احببتها والله حتي انني احببت من حبي لها مغتابها احببته وهو الكريه لانه نقي صحيفتها وزاد ثوابها غزل فصحي,1,love
من خذل فلسطين سنه لن ينصر سوريا في ست سنين حلب تحترق,2,sad
الواحد بقا يتابع الاوليمبياد و فرحان بالمصريين و نسيت الامتحان اللي كمان اسبوع,0,joy
مشكوره ام عبدالله,0,joy
طاغي حضوره مايشبهه احد ازرق هلالي بالسماء عالي سيد النوادي بكل ارض وبلد وجماهيره بكل مدرج تلالي الهلال متعه الر,0,joy
انا اللي من كتر ما اتقلي يا فاشل حاسيس اني فاشلت بجد,2,sad
قولي احبك كي تزيد مسؤوليتي فبغير حبك لا اكون مسؤولا مسؤوليه,1,love
الاوليمبياد الجاي بنسبه هيبقي من غير فيليبس وبولت وحاجه حزن الحزن,2,sad
هو يا الناس بتعيش حاله عامه من التاخر الذهني يا الناس فاكره فعلا ان واحد مصري اخد ميداليه عن رفع الاثقال من شويه ف الاوليمبياد,2,sad
ياشيخ ده الواحد مبقاش عارف ان كان فرحان ولا متنيل ع عينه,2,sad
اعتقد دي احسن مشاركه لمنتخب الطايره اشوفها في الاوليمبياد كفايه اننا كسبنا ماتش يعني,0,joy
ان تسلم مقاليد سعادتك وراحتك وقلبك لمن تحب فلا سعاده الا به ولا راحه الا بقربه ولا حب الا له ولا انت بدونه,1,love
ما هو العشري تربيه جوزيه بقي يلا دوري,0,joy
الصمت عن اخطاء من نحب خاص لهم والم خاص لنا,1,love
بيل و كروس لازم يلعبوا غصبا عنهم في السوبر,0,joy
هنالك مشاعر لم اعرف لها معني الا بقربك,1,love
مرحبا,0,joy
وربنا المطر دا عشق,1,love
واه من م الوجع يامه,2,sad
الحمدلله وباذن الله يفرح المسلمين بتحرير الشام اجمع مبروك فك حصار حلب,0,joy
مش عارف بالظبط احنا كعرب خدنا كام ميداليه بالظبط من اول ما اخترعو الاوليمبياد بس الاكيد ان احنا مكملناش كلنا مع بعض ميداليه,2,sad
الشباب المشاركين سواء كسبوا او خسروا احنافخورين بيكم جدا ومثلتوا مصر بشكل مشرف طز فاللي يلومكم اللي اداكو حاجه ياخدها المص,1,love
لا ادري قلبوهم تغيرت ام عقولنا ابصرت,2,sad
مهو شغال عادي المشكله في الفون عند كله حاول تحب اللاب بقي,0,joy
بنكدب لما نتكلم عشان عارفين لو اتكلمنا جد هنفترق بعدين,2,sad
انا عيز اتعرف عليكي,0,joy
صباح النجاح والتميز والابداع السلام يبدا بابتسامه مع ناصيف زيتون طول اليوم بحبك انا صباحكم عسل,0,joy
وده الي كنت خايف منه خلصو علي فلسطين وشالوها من الخرايط ومعدش في حاجه اسمها فلسطين وداخلين بقا علي مصر ادعوا لا,2,sad
حبااا فوووق وحباااا تحت,0,joy
انتي اجمل حب واحساس وشعور رومنسي شعر ذوق احساس احساس حس مرهف رايق شعري,1,love
متنفس للضيق متنفس للخيبات وقله االصبر والحيله حتي هو اصبحت لا اجده حين احتاجه,2,sad
لا بئدر شوفك ولا بئدر احكيك,2,sad
عارفه انه طلب صعب بس يارب اعيش لما اشوف مصر بتنظم الاوليمبياد بصوره مشرفه كده,2,sad
خاص الكم متابعين بالعاميه بحبك وبالعاميه بنحبكم جميعا شام,1,love
هي دي حالتي بلظبط,2,sad
خلاص مهو دخل افكسو مالهاشتاج ده ونكتب هاشتاج ترحيب بيه فتويتر,0,joy
الحب ليس تقديم مشاعر وانما هو صناعه مواقف,1,love
قبل ان التقي بك كانت حياتي اقل حزن كان كل شئ سهل قبل ان تكون حبيبي,2,sad
بتفرج علي الاوليمبياد وفجاه روحت المطبخ اعمل حاجه اشربها لو بتحبو التفاصيل وسمعت عزف بلادي لماتش كره اليد قلبي رفرف,0,joy
الحمدلله الذي زادنا فرحا بفوزالبطل عبدالله الرشيدي ببرونزيه الاوليمبياد و سيرتفع علمنا ثانيه بعزم البطلين الديحاني و الرشيدي قريباانشاءالله,0,joy
تستهبل يو ار جوكينق اتركني وحداني ليف مي الون اريد ان اوضح اي ونت تو اكسبلين,0,joy
ابوك ايوا ليه حبييببتتي منجد يالله ما احلاااك,1,love
عطني من قصيد حبك فيني,1,love
علي المصرييييين وجمالهم ربنا يحميهم,0,joy
يا حبيبتي البعد ناار قلبي داب من الانتظار,0,joy
شوفنا بنات ف الاوليمبياد بتلعب بشرف عنهم,0,joy
مليش غيرك حبيب قلبي يا احلي ملاك,0,joy
فائده نفيسه لابن الجوزي عن تقلب الزمان وان السعيد من لازم التقوي علي كل حال,0,joy
تخيل اكتر حد حبيته ف حياتك هو اكتر حد يجرحك ويوجعك,2,sad
يسعدلي هالصباح علي عيونكو الحلويين,0,joy
العجيب في الحب انك لاتتعلق فقط بشخص واحد بل تتعلق به وباهله ومدينته وتحب حتي طريقه نطقه لبعض الكلمات ثقافه لايتقنها الكثير,1,love
اليوم عاجبني حيل مولر اشوي ماخذ راحته ومتحرر من التيكي تاكا,0,joy
يفرح قلبـي لما اشوفه يغرد ويحزن لما احس حروفه حزينه دايم علي بالي والله يشهد دايم اوله عليه يعذبني حنينـه,1,love
يقولي من اي ارض حلوه اتيت الي غزل,1,love
رفقه ولينه ما ضرب صلي الله عليه وسلم بيده شيئا قط الا ان يجاهد في سبيل الله ولا ضرب خادما ولا امراه اخرجه مسلم نشر سيرته,1,love
دفاعك عنها و هي علي خطا امامهم محبه عتابك لها بعد ذلك رجوله رجوله عمو,1,love
كيف هان الحب وانا اللي وفيت كنت عايش قصه فيها هيام اختصرها في شطر واحد ولابيت المحبه اخلاص صدق و ا هتمام الشاكي الهذ,1,love
اهلا بالعريس تو مانور التويتر,0,joy
الاوليمبياد تفتقد فيدرر,2,sad
هذا هو الحب ما اعظم قلب الام اجمل ماقيل بالحب,1,love
انتي جميله و الاشياء الجميله لا يجب ان تكون حزينه,1,love
الشخص الذي يجعلك من اساسيات يومه يستحق ان تبني له في قلبك وطنا يليق به صداقه,1,love
تنام ساعه تحلم بكل الميتين صحيو والغايبين رجعو,2,sad
من اكبر اخطائنا اننا نمر علي لحظات الفرح مرورا عابرا ونعيش الحزن بكل مشاعرنا,2,sad
هذا القلب لك يا اخت قلبي فاحفظيه فلم يكن له احلام سوي ان تملكيه,1,love
الديحاني بدون العلم حقق الذهبيه للكويت الرشيدي بدون العلم حقق البرونزيه دكتوره احلام بدون جنسيه الاولي بالطب ما اروع مواطنه الانجازات,0,joy
افتتاح الاوليمبياد فاااااااجر,0,joy
افتتاح الاوليمبياد ف ريو دي جانيرو حاجه تشرح القلب الحزين والله,0,joy
عصابات الاسد تكثف القصف العنيف علي احياء درعا البلد مؤخرا لانها الجبهه الوحيده حاليا والتي تتعرض للضغط الاكبر وسط جمود,2,sad
الدخول المشرف الكيوت للطلاينه في الاوليمبياد,0,joy
جيتك وانا مدري عن الشوق وش فيه لا الوقت مسعفني ولا العمر كافي امد لك قلبي غلا لا تعنيه بردان من كثر الشقا والتجافي,1,love
عذرا نويتن ف رنا سماحه سر الجاذبيه رنا سماحه في انت حر,0,joy
يارتني ما فتحت الواتس جو عشق ممنوع مفيش مرعاه لاحساسك ولا لحبك,0,joy
جدا ان تقاطعهم لكي تجعلهم يشتاقون لك ثم تتفاجئ بان غيابك لم يشعر به احد,2,sad
و انت طيب و بخير يا رب,0,joy
لـسه بـتـحبـها لا عادي طــب داري دمـوعـك الاول وبعـديـن اكـدب بـرحـتـك,2,sad
واحلي تحيه لاولاد بلدي اجمد ناس المصريين وصحابهم اللبنانين طبعا حد هيسال وكنوزه مقلتش كنزه لان حسبتها كمصريه لانها بنتنا كمان,0,joy
توتي دلبييرو مشهد فكاهي رائع ومضحك جدا يجمع كبيرين من كبار الكره الايطاليه والعالميه قيصر روما توتي ورمز,0,joy
من روائع خلق الله قلب امي يارب ادمه نابضا راضيا عني امي قلب امي,1,love
وهب الله لنا الحياه لكي نعشق الاهلي فقط هذا ليس مجرد نادي انه,1,love
بسبب حرب الخليج ضلت دول الخليج مديونه لامريكا وهي من وسوس لصدام بان الكويت جزء من العراق ماخلاها في نفسه حرب الخليج,2,sad
نتايج الاوليمبياد كويسه النهارده لحد دلوقتي يا رب اليد يختموا اليوم كويس,0,joy
الحمد لله امبارح اول ميداليتين لمصر في الاوليمبياد برونزيتين في رفع الاثقال عقبال الذهبيه يا رب,0,joy
من قبل الاوليمبياد قلت روديشا,0,joy
الشركات في مصر من اغبي الشركات كانت ممكن تتبني اللاعبين وتبني معاهم حمله اعلاميه لها ولكن امامهم الفرصه للتفكير في الاوليمبياد القادمه,2,sad
ما شاء الله تبارك الرحمن الاحساء موطن الصناعات والحرف اليدويه بل مهدها وهم بحاجه للدعم والاهتمام والصقل,0,joy
كلنا نبي ننصر روان ونبين الحقيقه بس احترم قرارهم وللمعلوميه ما تواصلوا مع اي طرف حتي الان مجرد ناس يتكلمون باسمها,1,love
صفر المونديال وصفر الاوليمبياد وصفر الحياه وده اكبر صفر اخدناه,2,sad
دول كتير اوي ودمهم خفيف العماره اللي انا فيها كلها سوريين والاطفال عسل,0,joy
بين المساء وانتي وفنجال قهوه في ذمتي احلئ غرام و تعاليل مساء شعر شوق صباح,1,love
ف الفم ضحكه وف القلب حكايات,0,joy
ام علي ربنا يباركلك في محمد وعلي ولطفي وربنا يخليكي ليهم ويخليهم ليكي وميحرمكوش من بعض ابدا ان شاء الله,1,love
قمه القسوه بحق ذاتك ان تعيش علي ارضاء من هم حولك ليعيشو هم علي كسر كل ما هو جميل فيك,2,sad
احب اسمك جدا لاي درجه لدرجه انني التفت معك حين يناديك احد ما,1,love
حمله الف نصراوي امام الفتح الليله اجمل الليالي صورتك ي نصر تبقي تنور الدره لانك وين ماكنتمكانك في الحنايا,0,joy
يسالونني لماذا احببتك انت انت الصوت الذي لا اسمع سواه الهواء الذي اتنفسه الامل الذي اتمناه انت من علمني ابجديات,1,love
دا النهارده يوم مصر والعرب ف الاوليمبياد بقي يارب دايما فرحانين,0,joy
موعدكم مع نجمه تونس يسرا محنوش في مهرجان قرطاج الدولي يوم اوت بمشاركه خاصه من نجم ستار اكاديمي نسيم رايسي,0,joy
كلام واقعي وجميل يشكر عليه النائب صالح عاشور,0,joy
اذا هني بينتخبو رئيس لسنوات قليله انا بنتخبك امير حبي كل العمر,1,love
وفي داخلي وجع مؤذي وحنين اخرس وهناك خيبه والكثير من الياس ممزوجا بتبلد افقدوني لذه الحياه,2,sad
الرجل الحقيقي لا يحب مليون فتاه ولكنه يحب فتاه واحده بمليون طريقه,1,love
صباحكم بطعم فرحه ابطالنا في الاوليمبياد,0,joy
هو تلك العاطفه الساميه التي تجعلنا نتزوج وننجب الاطفال وننشئ الاسره وفي ليالي الشتاء البارده نجتمع حول المدفاه,1,love
تشرفت بشوفتك استاذه اسماء للتو عرفت انك كاتبه وكنت اتمني ان اعانقك حقا انا احترم الكتاب لهم عندي مكانه رفيعه لك احترامي,1,love
صباح اللحظات السعيده بصحبه من نحب صباحي انتم صباحكم حب,1,love
اكثر ما يجهد مشاعرنا هو قمه صدقها,2,sad
يا فتانه الحسن عن كل المزايني انتي سحابه عطر من نور مخلوقه بوح,1,love
اي والله اني عليك من الوله ضامي واشفق علي صوتك المبحوح واحبه شعر قصيد حب بوح,1,love
هي سيئه في لن تخفي عنك انها تحبك ولن تخبرك انها تحبك,1,love
انا زهقت اوي و الله احيه كل ما اذاكر حاجه انسي التانيه هنلعب ولا ايه امتحانات,2,sad
مش مبين اي حاجه وعمال بتتالم مش مبين بس دمعه من كتر بكاه علي وشه علم,2,sad
اختر ان تفعل ما تنوي فعله بحب كبير واستمتع بالمعجزات في حياتك صباح,1,love
الحمدلله علي الافلام والاغنيات والقهوه والكتب تنجيك من الواقع,0,joy
بس حركه جميله جدا من قنوات دبي وابوظبي يقطعوا البث والتعليق اثناء تقديم الوفد الصهيوني في حفل الاوليمبياد,0,joy
امر الملك سلمان بصرف راتب شهر للمشاركين الفعليين في الصفوف الاماميه في عاصفه الحزم واعاده الامل باختصار كبير يكرم الابطال,0,joy
وعلي سبيل الاعترافات كل ما نكتبه هنا نحاول بطريقه او باخري اعاده تجميل صوره الواقع وترتيب المشهد من هذه القسوه التي نشاهدها,2,sad
اعشقك ماهي ابد كلمه اعشقك كلمه لو احكيها بكيت من صميم الروح هي كل الكلام تختصر كل الحروف لو حكيت,1,love
في مبسمك يجتمع معني الحياه وفي عيونك لي من الفرحه كثير كلام جميل خواطر,1,love
زياد العذاري يبتهج بوجود اسمه في تشكيله حكومه الشاهد ويطالب بتسريع تشكيلها دون تاخير,0,joy
الحـــب رزق والــرزق لا يـــاتـــي بــالـــحــرام,1,love
المعلق محمد بركات الاهلي نادي القرن اليوم يتقمص دور البطل وراك يااهلي كعب داير,0,joy
يداعب عيناها سهرا يخالطه عشقا فتبقي اسيره صمت لاينطق تخفي شوقا كي لاتتالم تخشي وهي عاشقه متيمه,1,love
مصر الان ينماتكونوا يدرككم الموت في عصر الانقلاب,2,sad
صباحك بيضحك باذن الله,0,joy
بقيت بتخنق من اي حاجه صغيره,2,sad
انتي ملكيش عازه,2,sad
انا بحب النوم اوي و بحب السرير و المخده ياااااه انه لاحساس عظيم ها انا قادمه يا سريري تصبحوا علي سعاده و خير,0,joy
طلع النسيان مش هو الحل,2,sad
حفله افتتاح الاوليمبياد تحفه منتهي الرقي والابداع يارب نتعلم منهم,0,joy
وحده الله يعلم عن حجم انكساراتي وحده الله يعلم عن حجم اتكاء وهو جاثم علي قلبي وعن الحنين الذي يتنهد في صدري كل,2,sad
مواعيد الاوليمبياد حلوه جدا بتبدا من بعد الظهر تقريبا بتوقيت مصر وتخلص علي بالليل,0,joy
فاضي لدرجه بتفرج ع الاوليمبياد,0,joy
دايما معاه و روحنا فداه,0,joy
دخلت علي القبور مناديا ماذا فعلت بهم اجبني ايها الموت فما وجدت جوابا علي سؤالي سوي ان الموت حالهم وسيكون حالي رح,2,sad
وكلما تعمقت بتفاصيلك اكثر يزداد جنوني بك,1,love
والله ماما زوبا دي عسسل عددديل كدا,0,joy
هههههههههههه يا ستي ربنا يزيدها,0,joy
اللهم ارزقنا ك و من يحبك وسعاده في الدنيا ورضا في الاخره اللهم لنا احبه وقلوبا محبه نريدها ان تجتمع فجمعها علي بركه,1,love
المتابعه القريبه من وسائل اعلام كتيره لمشاركات المصريين في الاوليمبياد مع صورهم اللي ماليه الشوارع من الحاجات الايجابيه المبهجه مؤخرا,0,joy
انا مازكرتش بجنيه النهارده اعاااااااااااااااااااااااااا,2,sad
فعلا ماحدي بيسلم من الخنائه كل يوم هههههه,0,joy
ء يا سائلا عني من القلب لبيه صوتك عزيز وغصب عنا نلبيك مثلك من الاجواد لا شك نغليه ونفتح لك,1,love
انا لله و انا اليه راجعون طب ممكن لينك المكتب الحقوقي,2,sad
قال لها انت فرحه حياتي فردت قائله وما يلزمك يلزمني نفسيه الفهم زواج وعي بوح سعاده,1,love
قلبك ملكك متشغلوش باي حد,0,joy
عاوزين تنميه بشريه بجد مش هزار و بوزيتيف اينيرجي مدهشه و مش اتفرجوا ع الاوليمبياد,0,joy
قد تحمل في اعماقك حزن السنين لكن عندما ستجد حبيبك يعاني ولو قليلا ستقلع عن كل احزانك لترسم بسمه لم تستطع يوما لترسمها علي وجهك,1,love
انا لما مش بلاقي حد اشتغله بقعد اشتغل في نفسي و اضحك,0,joy
لن تدوم طويلا فما صنعته من الم لغيرك لن تذوق مرارته غدا بل سوف تجرفك افعالك الي بحور بلا مواني وبلا مرسي والله,2,sad
الحب ان احتاجك فاجدك بجواري ان اتالم فاشعر بيدك علي كتفي ان اسمع سؤالك عن سبب المي قبل الاخرين كتابات يوسف كوب,1,love
والحال ياصاحب اني عجزت انسي توديعك الشاحب لكن علي كل حال فرحي انا الرحال لا تقلق افـ بعدك جاني صاحب,2,sad
بافاري متعصب و عاشق ل مارتينيز حسابي عن البايرن وقليلا من مارتينيز,1,love
اتغارين علي يا عائشه ومالي لا يغار مثلي علي مثلك يا رسول الله هذا وما دونه هباء,1,love
انتي يابت حافظه مش فاهمه معندكيش غير الجرجير يابت خافي علي نفسك احنا المصرييين بردوا,0,joy
يقتلهم الجوع قبل رصاص الحروب وتراهم يتدافعون من الجوع يبحثون عن قبر ياويهم عقول كادحه فكر حر,2,sad
ومين فينا مانفسوش انه ينفصل عن العالم كله ويبعد عن كل الناس اللي في حياته ولو لفتره صغيره يرتاح فيها شويه,2,sad
خيبه ان تقوي امام العالم اجمع وتضعف امامك امامك وحدك فتكسرها,2,sad
كل عام وانتم بخير,0,joy
هو يحبني ومستعد يتقدم لي الشيخ عبدالواحد المزروع سند للاعلام,1,love
خلاص انسي يا صاحبي,2,sad
ينصر الله المظلوم ويذل الظالم ف صبرا ثوره الشام فان نصر الله قريب شعب الشام,2,sad
للاسف الشديد علاء ابو القاسم خرج من الاوليمبياد بالخساره من الايطالي العنيد جرازوا دانيالي,2,sad
اجمل احساس بالكون لما تعشق بجنون,1,love
الاوليمبياد ده اكتر حاجه بتاكد لي ان احنا عالم تالت فعلاولا تالت كمانلو تالت كنا خدنا برونزاحنا عالم عاشر,2,sad
لماذا وقعت في احببت لاجل ابنه الجيران التي رايتها وانا في العاشره تقرا ورقه علي مدخل البنايه وتبتسم احببت لابتسم,1,love
الف مبروك يا بطل جعلت اسم الكويت لا يغيب في الاوليمبياد رغم غياب العلم شرفت كل العرب,0,joy
حبي اختي دانه هنا راكبتك زي الفارس وانت الحصان ومتحكمه فيك ويلومونوي ليه افتخر بدانه,0,joy
موطني هو تحت البطانيه و جنب شاحن الموبيل,0,joy
حبكم بالدم بي يجري ما اريد العمر من دونك,0,joy
مما اعجبني من مقاله الكاتبه القديره د فوزيه البكرفي عن من يحمي حقوق الطفل داخل الاسره وانه ان الاوان ان يهيا المجتمع لمحاسبه كل من يسئ اليه,1,love
الاوليمبياد فيها شويه مصريات يفرحوا القلب الحزين,0,joy
صوتك ده ايه الله عليه ملايكه بيغنوا,0,joy
متعه الاوليمبياد اني ممكن افتح التليفيزون طول اليوم واتفرج علي ناس من كل العالم طالع ايمانهم سنين عشان يعملوا الحركات دي وانا عالكنبه باكل,0,joy
تري حلاه العمر مع من تحبه شخص تريده من جميع المخاليق بوح ابيات,1,love
طارق الملاح حبيبي اذا ولالبد حزب الله بدو يداهملك منزلك بيبعتولك الاخوات بكشاف الامام المهدي حبيبي طروقه,0,joy
انا احب رغم المنطق ورغم فشلنا ورغم انعدام الجدوي لهذا الحب,1,love
السنه هاذي المفاوض الهلالي انجز المفاوضات في وقت قصير تحسب لوجه السعد,0,joy
ربي جابك لي هديه من السماء ياسمين الشوق الاحساس احساس شوق منشن شخص,1,love
مؤلم عندما يقول لك الناس كن قويا وليس لديهم اي فكره عن صعوبه ما تمر به,2,sad
الشرعه السمحه الغراء امهم في حضنها نشؤوا من صفوها رضعوا يسيح اهل الهوي في لهوهم وانا سياحتي من هم للروح منتجع شعر,1,love
الامريكان في الاوليمبياد عاملين حجامه وتقرير ناشر انها بتحفظهم من الالام الحجامه سنه نبويه بس لازم الغرب يعملوها الاول عشان نعملها,2,sad
كم اعشق ذاك الذي يسال عني فاليوم اكثرمن مره ف اهتمام فان لم يكن كذلك فهو مجرد كلام القيصر,1,love
انا بحب بطولات الاوليمبياد اوي يا جماعه,0,joy
انا اول من كتم غبنه عشان انسان وانا اول من شكي فرحه علي غمه,2,sad
يا خســاره بتيجـي الحاجه لما الواحد ميعوزهااش,2,sad
العالم كله يتابع افتتاح الاوليمبياد في البرازيل ونحن ابتلانا الله بهذا المعتوه عبد الفتاح السيسي الذي يحتفل بفشله عيد الحفره مصر,2,sad
من جمال حظي اني عرفتك ربي يسعد مساك,0,joy
جاءنا النبا التالي بسم الله الرحمن الرحيم جيشنا الباسل بدا بشن هجوم المرحله الرابعه من تحرير حلب الدعاء الدعاء لـ ابنائكم,0,joy
الحب رحله الروح من الالم الي الالم بحثا عن الامل,1,love
بفرح لما بشوف المتجنسيين الخلايجه بيخسروا في الاوليمبياد الصراحه,0,joy
كفايه ان كرمه جت في,0,joy
من يثق بك عش معه باخلاص لان الثقه لا تعطي الا لمن نحب,1,love
من يوم حبيتك ودعواتي تسري لـ ربي ما سري ليلك عندي قناعه من قناعاتي اللي يحبك صدق يدعي لك,1,love
بنت دخلت الاوليمبياد وجابت ميداليه للبلد وسقطوهافي الثانويه ويقول لك الجيش مسيطر عالبلد انالومسيطر كنت بعت وزير التعليم وراها يمتحنهابنفسه,2,sad
الدوله ما بدها تحط حد للصيت الماساوي القاتل لقصه انتحار عاملات في لبنان اوقفو استيراد الخدم,2,sad
وماذنب عيني حين تحب رؤيتك المشي فجرا الرياض الرعشه,1,love
انا فضلت متمسمره للدرجه دي انا مبحسش اساله طلعت في راسي وطفيت الاغاني وبعدين قولت طب وانا هعمل ايه وشغلت الاغاني تاني,2,sad
نحن لا نستطيع ان نجبر اي شخص علي ان يحبنا ولكن كل ما نقدر عليه هو ان نجعل من انفسنـا اشخاصا يستحقون,1,love
والله مافيش احلي جوجل في اي حاجه في الدنيا ايه الحلاوه والسهوله دي اكتب اسم اي رياضي في السيرش يجبلي هيلعب امتي ومع مين في الاوليمبياد,0,joy
الاوليمبياد حلم كل رياضي,0,joy
هذا الورد من وردتي و حياه قلبي هيفاء,0,joy
صباح المطرصباح الرضا بماقدارصباح ابلون الزهرصباح الفرح من الاخر,0,joy
دعم محمد بن نايف مليون متابع يستاهل كل خير اميرنا المحبوب الله يحفظك من كل شر ويطول بعمرك,1,love
مهو ده اللي بتكلم فيه بالضبط الاوليمبياد اللي فات اظن ايه مدني اتكلمت ان مصر موفرتش سلاح الليزر بتاع الرمايه تتدرب عليه,2,sad
النهارده عيد ميلاد اخويا الصغير و جاري في الاوضه بتاعتي كل سنه و انت طيب و ربنا يكرمك و يوفقك و يخليك لينا,1,love
تحرض مين والناس دايخين ههههههههههههه لو بتحرض كان حرضوا ايام ثوره حنين لكن الشعب يبي ال سعود بس كثيييير اشياء تغبن,1,love
برغم كل الخرا اللي العالم غارق فيه كل يوم الاوليمبياد دي احسن الحاجات اللي ممكن نتظاهر فيها ان كل شيء بخير,2,sad
جيش الفتح اجناد الشام بشراكم تله الحويز محرره بالكامل و جاري تمشيط القريه من فلول قوات الاسد و مليشياته الغضب لحلب,0,joy
فقت من نوم اغني شو اخبارك لنوال الزغبي مع ان مش وقتها بس حبيتها,0,joy
يا خساره,2,sad
يا ليالي العيد من غير مواعيد وابو حظ سعيد اللي تحن عليه نورا,0,joy
البعض يعيش حالات حب ويفشل ويغلق ابواب قلبـ ويعود لحاله اليتم فلا تكن منهم فالحياه تختبرنا لتعلمنا لا لتحبطنا ابدا من جديد و حب,1,love
مفيش احسن من الشخص اللي يفهمك وانت زعلان حتي لو ضحكت,0,joy
يارب بشره بما لا عين رات ولا اذن سمعت ولا خطر علي قلب بشر اللهم ارحمه واغفرله اللهم انك عفوا تحب العفو فاعف عنه سعود الف,0,joy
تورط قلبي في حبـكك غزل بوح احبك خواطر عيونك دنيتي للدعم نبض مجنونها للدعم قروب العبدلي للدعم,1,love
من سحر الحب ان تري وجه من تحب هو الوجه الذي تضحك به الدنيا وتعبس ايضا الرافعي رباب الكلم قهوه السابعه كو,1,love
و انتهي مشوار الخواجه,2,sad
مفتقده اوي فكره ان يكون في حد قدي في البيت,2,sad
ولله الحمد انضميت لـ صحيفه البلاد كـ متعاون في الفتره القادمه لتحرير الاخبار اسال الله التوفيق دعواتكم,0,joy
هو ارتياح قلب لـ وجود قلب,1,love
وكنت ازعم مثل الناس اذ زعموا بان من غاب عني غاب عن بالي واليوم كذبني قلبي وكذبتهم فارقتهمواقاموا بين اوصالي,2,sad
من يصدق ان هذا الشاب المكي سيتراس النادي الاهلي ويحقق الاهلي معه ثلاث بطولات متتاليه الاهلي ومساعدالزويهري غير,1,love
والله احنا اكرم لنا مانشارك في الاوليمبياد دي لحد مايبقي عندنا لاعيبه محترمه قادره عالمنافسه,2,sad
كل التوفيق للغالي سلطان العنزي موفق يا بعدي,1,love
نحن الذين بلا وطن يوجعنا المنفي كلما هششنا بالريح شمعه,2,sad
العرب فاهمين الاوليمبياد بشكل خاطيء فالعالم كله هناك للتنافس علي الذهب نحن فقط من اخترعنا كلمات مثل التمثيل المشرف والوصول لها انجاز,2,sad
قهره القلب الحقيقه لما تداري دمعتك وتتضحك,2,sad
من سحر ان تري وجه من تحب هو الوجه الذي تضحك به الدنيا وتعبس ايضا,1,love
وبغض النظر عن كل شيء يبقي المصرين الوحيدين اللي شتمو وسخرو وشغالين تريقه علي لاعبيهم المصرين في الاوليمبياد حتي اصابهم الاحباط ومفيش دعم لهم,2,sad
ليس هناك,0,joy
عيد سعيد,1,love
نموت نموت وتحيا الشفونيره كفايه في الاوليمبياد فرحتي بالميداليات اللي كسبوها ولاد البلد بجد مش المجنسين,0,joy
الحب هو ربيعه بن كعب حين يساله رسول الله ماحاجتك فيقول اسالك مرافقتك في الجنه,1,love
مبروك ساره سمير اول ميداليه مصريه في الاوليمبياد,0,joy
لا يكفي ان تحب بل يجب ان تعرف كيف تحب,1,love
من بكره يبدا المهرجان الرياضي الاوليمبياد شئ مبهج جدا,0,joy
نحن قوم بائسون اعيرينا ابتسامتك مره اخري نمرر بها الثقيل من الايام و نتخذها درعا امام بشاعه العالم,2,sad
مالك عدلي محبوس عشان هو اشرف واحد في مصر مالك عدلي حر,2,sad
الحقيقه بدت مثل الخيال هو عدوي واذكا حبيب كل ماقفيت ناداني تعال لذه الحب في الشيء القليل,0,joy
احـــيـانـا في هـذا الزمن الاهمام الزائد بـ الاخرين يفقد كرامتك منقول,2,sad
تغطيه نايل سبورت اللي هي القناه الوحيده المصريه اللي بتنقل الاوليمبياد للمصريين المشاركين في الاوليمبياد حاجه تكسف,2,sad
وصلنا للمرحله ماقبل الاخيره في النضوج وصرنا ندفن حزننا بوسائدنا ونصحي ونادي مهمات الحياه ولا كان اللذي كان قد كان,2,sad
شبعوا من بعض ما بيعطي انذار اسالو عن بعض ما حدا بيعرف ايمتا رح تكون اخر مكالمه واذا غلطتو بحق بعض سامحوا بعض,2,sad
سنوات علي فض رابعه ابشع مجزره في تاريخ مصر الحديث لم ترحم الساجدين ولم تفرق بين الرجل و المراه,2,sad
احيانا نبكي فرحـا مع اننا واثقون بان قلوبنا لاتسكنها الا الاحزان,2,sad
الحكايات الانسانيه والعاطفيه والمؤثره في الاوليمبياد تكفي لعمل مسلسل كامل والله,2,sad
ان شالله ربنا يوفقهم شجعوا مصر في الاوليمبياد,0,joy
نحن كشجرتين يمر بيننا الناس ولا يعلمون ان جذورنا تتعانق,1,love
مظاهرات في شوارع الاحياء المحاصره في حلب ابتهاجا بفك الحصار عنها,0,joy
ككلمت ايلي وهو طمني عليه وخلاني اككلمه امبارح,0,joy
اسمك طبع بالعين كل لحضه اشوفه وحبك سكن بالروح مو هينه اعوفه شعر للناس الراقين الي اللب ينجذب الهم ولو طريق بع,1,love
انت عارف ليه بحبك ليه و حبك ليه بيحلالي علشان بتكون عاشق مجنون و حبك ليا مالي الكون و بتبقي بريء ساعات و جريء ولا قلبي عليك بيهون,0,joy
قمه العار اللي حصل في بعثه مصر في الاوليمبياد,2,sad
نفسي كده في فلورز كتييييير حرب الفولورز برعايه سيزار وترمس افندي,0,joy
حتي الاوليمبياد محطوط علينا فيها بلد فقر,2,sad
هذا استغلال سياسي وقح من شخص وقح جالس يبتزنا بطريقه مستفزه ولكن اهل الخليج عامه واهل الحرمين خاصه شوكه بحلق مخططهم,2,sad
مشدلتلك,0,joy
مش عارف الم المنهج,2,sad
يا صباح الهلال يالحب القديم يا صباح الوفاء لذاك الزعيم الهلال وطن نودي صباحات الهلال,1,love
قيل في ان الله اذا اراد ان يجمع بين قلبين سيجمع بينهما ولو كان بينهما مداد السماوات والارض,1,love
احيانا يوجد بداخلنا كلمات لانريد ان نقولها ونكتمها بداخلنا لكن كم كتمانها,2,sad
انت لي كل الفرح وانت لي اجمل شعور رتويت بوح خواطر رومنسي غزل شوق يبتي جميل رائع صباحيات ذوق صباح الخير كلام حب,1,love
الصباح الجميل يشرق باحبه نرفع اكفنا لخالقنا بان يحفظهم بوح مشاري الحمود صباح الخير حياه سعاده,1,love
الاوليمبياد هي من فقدتك,2,sad
جديد المبدع ابراهيم عبد الحليم تعال نتلم,1,love
العاب قوي بقي حيث الاوليمبياد الحقيقيه,0,joy
عذرا فرنسا فانها اعجبتني عذرا يا تركيا فانها ابهرتني عذرا يا برطانيا فانها اقنعتني عذرا يا امريكا فانها انجبتني انها فلسطين ب,1,love
عيني م يبي غير شوف وحب قلبي م عشق غير عينك,1,love
لبنان يا جدعان لبنان في الاوليمبياد ربنا معكن هونيك عم شجعكن من كل قلبي و اتمني راح شوف الذهبيه مع كل الفرق تبعيتكن لك تقبروا قلبي,0,joy
الليله ليله عمرناا,0,joy
اشطه لول يا وينا احنا نتايجنا حلوه في الاوليمبياد و البلد زي الفل و ماشيه في نجاحات و انا بحب احارب النجاح اللي هما فيه,0,joy
بخصوص الالعاب القتاليهفي الاوليمبياد لغايه دلوقتي مشوفتش بطل من اي بلد حد زي كرم جابر كان بطل العالم قدامه بيخسر عدم تكافؤ اسطوره مش هتكرر,2,sad
اهم جزء في الحب هو الاهتمام فاذ لم يجد الهتمام انعدم الحب حبب الله اخلاق اخلاق سنبل حياتك لاجلك امي,1,love
بنات مصر مشرفينا في الاوليمبياد,0,joy
افتتاح الاوليمبياد النهارده و معدش ورايا حاجه و هتفرج براحتي,0,joy
حرت الروح لمن فارتهم بيت ومن دموعي غرتهم حي عراقي حزن شجن,2,sad
ثم وضع يده علي قلبه كـ محاوله يائسه لانتزاع ما يشعر به,2,sad
الانثـي ورده سرعان ماتذبل اذا لم يسقيها عاشقها بـ والاهتمام,1,love
كلنا سلمان جهود اسطورتي ابو فهد اكبر من الكلام لله دره من قائد عظيم,0,joy
جميعنا نريد تحقيق اهدافنا لكن تونس تالقت في حراسه المرمي,0,joy
مصر ترتيبها ال في الاوليمبياد واحتمال ينزل كمان شويه عشان مفيش مصريين كتير باقيين,2,sad
نشكر كل فنان قام بتركيب ابتسامه المشاهير في مركز الفرسان من بينهم عبدالله السدحان طارق الحربي زايد الصالح سمير عارف,0,joy
امبارح شفت مصارعه رومانيه وافتكرت اللي كرم جابر عمله الاوليمبياد اللي فاتت وكنت هعيط والله,2,sad
رساله لمحبوبي اذا ماكنت معي بتكون بقلبي بوح,1,love
انا بقرب اعيش الهنا,1,love
انتي حلوه مهما كنتي حتي من غير غمازات فيكي وفيكي ميزه تغني عن كل البنات,1,love
الكلمه ال بدايق عمرها ما بتنتسي,2,sad
راتب شهر للمرابطين في الحد اطال الله في عمر القائد الاعلي لكافه القوات العسكريه وجزاء الله سماحه المفتي خيرا وسود الل,0,joy
كل ما ا الاقي حد ف الاوليمبياد خرج مفيش اي فرحه تيجي بالغلط حتي,2,sad
الله اكبر ولله الحمد حلب تنتصر,0,joy
هم المصريين اللي ف الاوليمبياد اللي عمالين يخسرو دول ملهومش اهل يسالو عليهم,2,sad
مجنون اشتاق لك موووت احبك باحتواء الحب فانا اعلم بحنينك لي لكن حنيني مجنوووووووون,1,love
سلطنه عمان اقليم محكوم من الخارج وهم مسيرين وليسوا بمخيرين ولكن شعب عمان شعب محبوب وكريم وذو اخق جميله,0,joy
عبد الله السعيد ربنا يحميك احمد عادل عاااش مروان محسن حاجه نضيفه بس محتاج وقت اكتر فتحي رجوله وليد سليمان مجهود جبار سعد مجتهد ع,0,joy
للاسف معظم الرياضيين المصريين في الاوليمبياد عاملين زي موظفين الحكومه لا مؤهلين ولا عايزين,2,sad
الاوليمبياد بدات سباق المتر كان روعهورقم عالمي فشيخ والاجمل ان الاثيوبيه هيا اللي كسبت افريقيا السلام,0,joy
ضميني علي صدرك عيشيني العمر عمرين قولي انا قلبك انا عيونك الثنتين رتويت رومنسي بوح خواطر غزل شوق ذوق صباحيات جميل رائع,1,love
مش عارفه ازاي يحصل كده في حين ان المفروض ان الاوليمبياد حق لكل انسان انه يتفرج عليها,2,sad
لو ان القهوه العربيه امراه لـ حبيت راسها حب غزل,1,love
ابتسمي فهناك من يلتقط انفاسه حينها,1,love
مولر و التمركز الصحيح قصه عشق,1,love
انا بحب الاوليمبياد اكتر م المونديال,0,joy
للاسف نهائي اقوي سباقين في الاوليمبياد متر جري رجال متر جري رجال الساعه و بس الفجر,2,sad
بالصور امينه فاخت تحتفل بزواج شقيقها,0,joy
كيف تنام اتامل صورك واغفي صدفه وانام ربما,1,love
اومال يابنتي احنا نواينا صادقه بس حلو الهاشتجين دول عجبني كنزه حبيبه المصريين ليث المصري السادس,0,joy
يوم تاريخي لمصر في الاوليمبياد ميداليه في رياضه واحده و مهمشه كمان مبروك لمصر و ياريت يبقي في اهتمام باللعبه اكتر من كدا,0,joy
اهداء من الغوطه الشرقيه بريف دمشق لكل من قاتل لفك الحصار عن حلب الله اكبر الغضب لحلب ملحمه حلب الكبري,0,joy
فيها ايه خايف يقول وانا مش هقول كل اللي حاسه انا بيه,2,sad
ههههههههههههه سعيد الهوا,0,joy
القسوه لم تولد معنا بل نحن من صنعها بايدينا,2,sad
ناس بتتجوز في الاوليمبياد اهي,0,joy
قطر داخله الاوليمبياد ب لاعب فرصه يا جماعه اللي عايز يستولي علي الحكم البلد كلها في البرازيل,0,joy
يازمان العجايب وش بقي ماظهـر كل ماقلت هانت جد علم جديـد ان حكينا ندمنا وان سكتنا البريد والاوامر الملكيه,2,sad
لاتنسوا ابطال سوريا من دعائكم الجيش الحر فخر الامه وزادها من المجاهدين الابطال يحاربون بسوريا عن الامه جلجلوهم,0,joy
ديجوفيتش يطلع من الاوليمبياد والاهلي يخسر في يوم واحد بيور شيت,2,sad
وبعد انتهاء المباراه احييك عل نظرتك الثاقبه وخفه دم بمكانها فعلا من سجل هو ناصر القحطاني,0,joy
سابتعد ربما في تلك المساحه الضيقه اتنفسني من جديد,2,sad
حلب تحترق لمثل هذا يذوب القلب من كمد ان كان في القلب اسلام وايمان,2,sad
قال لي احبك بشكل جميل حتي انه لم يعد يهمني لو لم يحبني احدا من بعده,1,love
ليس ان تلغي اشياء التي تحبها من اجل من تحب ان تفعل اشياء التي تحبها مع من تحب,1,love
صباحكو بيضحك,0,joy
ماهو حب ليلي ولا قيس ولا هو عشق عنتر ولا عشق عبله في قلبي ماسسه تاسيس حب امي لابعده والا فيه قبله,1,love
منك لله ياحسام يابدري مش كان زمنا بلعب في الاوليمبياد دلوقتي,2,sad
ههههه خلاص نقلب علي الاوليمبياد,0,joy
امراه رائعه,0,joy
حفل افتتاح الاوليمبياد حاجه كده ايشي خيال ياناس,0,joy
عفاف الهدهد احنا كده ضمنا اول ميداليه في الاوليمبياد,0,joy
شكرا يادكتور,0,joy
بين حب وبين اشواق و شفت صورهماضي العمروضياه كل ما قالولي راحوا الطيبين قلت يبقي ذكرهم عطر الحياه,1,love
لم ارغب غيابك رجفت دنياي في بعدك و اختل توازن كوني من بعدك ليحميك الله ويسعدك ب قدر حزني لفقدك رتويت بوح,2,sad
ماشاءالله علي جمهور نجوي كرم اذا فل معناته بس كاظم و نجوي لهسه نجح حفلاتهم نجاح ساحق و كل التذاكر انباعت مهرجان جرش,1,love
افتتاح الاوليمبياد,0,joy
الدرس المستفاد من الاوليمبياد دي ان احنا بلد وسخه,2,sad
كنت اعرف منذ البدايه ان كل حب كبير هو مشروع فراق,1,love
تفكيري فيك اكثر من كلامي معاك عموما انت اجمل من اخذ قلبي مساء الحب سعاده كيك,1,love
بوتين ينتقم من اطفال حلب الاب حاملا جثه ابنته والام تنتظرها,2,sad
مطعم السلطان احمد كفتجي في من منطقه السلطان احمد اسطنبول غلطان اللي ماجربه,1,love
ههههههههههههه اهم شئ لوح,0,joy
راضتني الحياهـ لما اهدتني شخص حلي ايام عمري سالخير,1,love
مصر فاشله في الاوليمبياد وفاشله في الصعود لكاس العالم,2,sad
وزير الاعلام يهنئ شادي الخليج بنجاح العمليه الجراحيه,0,joy
واهو بكره نقول كانت ذكري,2,sad
حب الكلام يموت لو عاش لحظات وحب القلوب يعيش لو كان مدفون,1,love
كم شتقت لك و لسعه للقء فروحي تنديك الم تسمع لندء اتعلم يملك انر لكون بلضيء,0,joy
طيب حد يجي يشلني من فيديو رنا وهي بتزغرط ده ايه يا جدعان الحلاوه دي والكواته دي يخربيتك عيدته مرات مش زهقانه,0,joy
لا تكن بلا حب كي لا تشعر بانك ميت مت في الحب و ابق حيا للابد المباحث وفولورز بيغنوا للكينج,1,love
ان حد ميت يوحشك و تفضل تفتكر مواقف ليه معاك تضحك لحد ما تدمع,2,sad
مؤلم جـدا انــ تتحــدث وفجــاه تتغيـــرنبــره صــوتــك و كــان دمــوعــك تتحــداك و تقــول لـك امـــا ان,2,sad
بحاول مفكرش بحاول مصدقش بحاول اهرب م اللي حصل بحاول ابطل اتعلق بحد بحاول انسي بحاول اعيش دي محاولاتي في اخرشهور في معظمها فشلت,2,sad
انا الحزن و عمر المواجع لا غاب صاحبي,2,sad
دعم هيثم العبدالله كلنا هيثم واحنا قدها تكفون نبي الدعم لهيثم صوتوا لهيثم محتاجها ويبي وقفتنا مانبيه يطلع برايم,0,joy
بيطلع في الاخير حلم,2,sad
ههههههههههههههههههههههههههههههههههههههههههههههههههههههههههه فاتتك قهوتي الخطيره,0,joy
كل المطارح ملكناا نرقص مكااان ما نحب,0,joy
كم اتمني لو ان علي هذه الارض منطقه مخصصه للحروب وتصفيه الحسابات والخلافات بعيده عن الاطفال والنساء والكهله لان مالهم ذنب بشي سوريا,2,sad
احدهم اهداني عشقا دون ان يخبرني كيف احارب اشتياق كل مساء امير,1,love
من اصعب الحالات ان تتعرض للاهانه بعملك وتسكت ولا تقدر ترد خوفا من خسران العمل,2,sad
دوله عشان تنظم الاوليمبياد قتلت اطفال الشوارع بدم بارد وكانهم حيوانات ضاله عشان منظر الاطفال هيسيب انطباع سيء عند الزوار المشجعين ريو,2,sad
عمر عسر خسر و خرج من الاوليمبياد,2,sad
من منا ينسي شهامه وروح رااااموس القتاليه بهذه المباراه من الماضي,0,joy
صباح الورد يا عنتبلي بيه,0,joy
تخمد صرخات الاشتياق حين لقاء تحدثت به العيون,1,love
لو يلعب كل اللاعبين ويحكم بن مساعد بحول الفوز للملكي ثقتي في الله ثم برجال الملكي مستوي ونتيجه يعني مايهمني من يلعب ومن يغيب,0,joy
الثوابت صح ربنا يكرمك يا هبه يا رب,1,love
كثيره هي اللحظات التي اعيشها بين الناس سهيل نبوءه العشق ملتقي الاقلام طلاسم الحب فجر للتبادل الملوك للتبادل,2,sad
اللي يحبك اللي يستاهلك يقدرك و الاهم انه مكتفي فيك,1,love
اجمل بلد في الدنيا هي الامارات الحبيبه تحيه طيبه من مصر لكل الامارات شعب وحكومه,0,joy
الحب رزق,1,love
ل حرف ينحني لغرامك ول خطوه تسبق الخطوه تبيك برسمك صوره وابداها بسلامك يمن اقدر في خيالي احتويك,1,love
احببتك بطريقه تمنيت ان يحبني احد بها غزل,1,love
النهايات السعيده دائما تاتي في المشمش,2,sad
رغم ان الجمال نسبي بس ف جمال يخطف العقل قبل العين,0,joy
غياب الاب يعني غياب الامان غياب الام يعني غياب الحنان واجمل الايام واحلي اعوامنا تلك التي عشناها بين امان وحنان,2,sad
ونحب نشكر الاوليمبياد انها هتقضي علملل الفتره اللي جايه,0,joy
لقد هرمنا من اجل هذه اللحظه هنسقط يا موزه,0,joy
اجمل حب حينما ينادي في السماء ان الله احب فلانا فاحبوه فيحبهم اهل السماء و اهل الارض فيااا رب اجعلنا منهم,1,love
ما يحتاج اكثر فريق فايز بالدوري و الابطال,0,joy
الانتخابات اولاالدستوراولاالنتيجه واحده,2,sad
حب الذي يبني معك ولا يسرقك من يوهمك,1,love
صباح الخير يااول من ذكرته مع طلوع الصبح صباح الخير يااخر من ذكرته ليله البارح صباحيات فقد,1,love
اللهم اشف قلوب العاشقين واجمع بينهم دعاء,1,love
ده قالي في يوم يا حبيبتي خدي القمر ورحت معاه ومااداني الا السهر,2,sad
سلاما ياراحل عني القلب معك والروح معك وانا وراك اتبعك,1,love
من يمـر طاريـك اعثــر بالدمــوع مدري اصرخ لو اد صدري احير ارزقني رحله عش مابيها رجوع لو اموتـن لــو ارد م,2,sad
اخي ان رحلت فلنا لقاء قريب,2,sad
ليست لنا مشكله مع اليمن فلماذا تذهب ارواح شبابنا من اجل عائله ويموت اهل اليمن فقط لتحقيق رغبات طفل مغامر بالدماء ان,2,sad
كل عام وانتي بخير اروي سنه حلوه,0,joy
واضح ان في اجماع ان المصريين بيتفرموا في الاوليمبياد,2,sad
داريا الجديد اليوم انهم اغتصبوا داريا بالنابالم الحارق المحرم دوليا اللهم انتقم اللهم انتقم,2,sad
تامل قال الله وجعل بينكم موده ورحمه الموده اثر من اثار الحب فان كان هناك حب بين الزوجين تجسد بالموده وا,1,love
اسقيتك من ماء حبي فنبت حبك لامراه سواي ي العذري,1,love
امير مرتضي منصور الراجل دا كان سبب رئيسي في تخليص اغلب الصفقات ربنا يباركلك يابني,1,love
ضيم غبنه خيانه جلطه صدمه,2,sad
اصعب احساس انك يوحشك حد خلاص مبقاش موجود معاك,2,sad
بطل العالم ف الهجص بوظ صورتنا ف الاوليمبياد اكتر ما هي بايظه اسلام الشهابي,2,sad
علي الصقفه كله يرقص علي الصقفه كله يرقص زماااااااااااااااااااااااااالك,0,joy
حبي الصغير,1,love
انسي الاوليمبياد انتصرنا وربحنا كل شي طرد الاسراييليين من الحافله,0,joy
بوح ياحادي العيس وينك غايب مده اليوم لاعيس لاصحرا ولا حادي ماغير ذكري تهز القلب وتهده واقول عادي وهو والله مهو عادي ذلك الرجل,2,sad
الاهلي مغلوب,2,sad
ايه الحاجات الحلوه اللي عصبح دي,0,joy
سنه للنسياااان,2,sad
سعيد بهري الاوليمبياد ع فكره حلو والناس جميله في متابعتها,0,joy
يستاهلون حماه الوطن كل خير قدموا ارواحهم فداء للوطن اللهم احفظ جنودنا البواسل راتب شهر للمرابطين في الحد,0,joy
الاوليمبياد بقصصها من اعظم الحاجات الي بتحصل في التاريخ,0,joy
مشاعر حبي تقول كــن صـديـــقــــي فـــ الحــــــب في زمـــــنـــــنـــا ليس للـــ اوفـــــيــــاء لهفه برود,1,love
ابن الروشه اللي رفع علم السعوديه في البعثه بتاعتنا في الاوليمبياد دا لو عاملها باوامر يبقي احا عاملها مع نفسه يبقي احتين,2,sad
انا احبك كثر ما تعشقين الغياب وغيابك المر في حالي مسبب اذي نتايج الهجر دايم دمعتين وعتاب لذا بلاش المعاتب و وكذا,2,sad
هييييييه كان فيه سباق تجديف حالا في الاوليمبياد والمصري طلع التالت اسمه البنا,0,joy
هزاع بن زايد قدوتي وعزوتي عسي عمرك طويل سيدي وتاج راسي,1,love
يااارب رحمتك معين يشعر بـالمرض,2,sad
خرجنا من الاوليمبياد واحنا كسبانين السويد ومضيعين مكسب البرازيل وخسرانين من اقل فرقتين في المجموعه,2,sad
احبكم يا اجمل صديقات وعد بيان جود نجد,1,love
انت لي كل الفرح وانت لي اجمل شعور رتويت بوح خواطر رومنسي عشق حب حبيبتي جميل رائع صباحيات ذوق صباح الخي,1,love
ده سيرينا اول ماتش تخسره مع اختها من سنه في الاوليمبياد معاهم دهب ورا بعض يخربيتهم,0,joy
زي الملايكه اما تشوفها وردايه تحلم تقطفها,0,joy
اشوف فـ عيونك غناتي عن الناس واحس فـ قلبك وفاء الكون كـل رتويت رومنسي يبتي بوح خواطر غزل شوق ذوق صباحيات جميل,1,love
ونتي زي النور في طبق بنور,0,joy
مش كان زماني مع الناس اللي ف الاوليمبياد دي لو كنت كملت تمرين و شديت ع نفسي بيصعب عليا نفسي فشخ كل ما افتكر,2,sad
يمرون من امامنايتجاوزون بحه الصوت المكسور وكان شيئا لم يكن,2,sad
ميلاد مجيد سوريانا,0,joy
بصراحه احنا ملناش ف الاوليمبياد خالص احسن لينا نقضيها اهلاويه زملكاويه ونشتم فبعض مفيش لعبه توحد ربنا ملعب فيها بفكر وتكتيك حتي,2,sad
الشباب والفتيات بيبذلوا مجهودات في الاوليمبياد عشان اسم بلدهم و السيسي بيمرمط اسم مصر في الوحل بتبعيه للسعوديه وتطبيع مع الصهاينه,2,sad
رنا سماحه فخامه الاسم تكفي رنا سماحه مع عمرو الليثي,0,joy
لن اكتب فيك اليوم شعرا و لا نثرا ساكتفي بان اضع قلبي علي الورق,0,joy
والله اننا في فلسطين معكم ودموع اعيننا تسيل علي شهدائكم الله يخفف عنكم وما تصير حلب مخيم يرموك ثاني من الجوع,2,sad
يا مرايتي قلبي تعب عنجد من ل القصص,2,sad
حين يقوم مجتمع علي الغش في الامتحان والغش في التجاره والمرور والتحرش ينفضح مستوانا وسط العالم السوي عن نتائج مصرفي الاوليمبياد اتحدث,2,sad
الحب الذي نعترف به لساعات قليله ونهدر معظم الوقت في انكاره هو الاصدق غالبا,1,love
كعادته حفظه الله السومه يجلد خصووووومه قووووووووووووووووول من ايقونه الفرح الخضراء,1,love
العاب القوي عروس الاوليمبياد,0,joy
بعض الاوجاع لا تحكي خلقت لنشعر بها فقط بوح اوجاع الم اهات عذاب,2,sad
الحب ليس له عمر ابدا هو باختصار وفاء رجل واكتفاء انثي مارسيل بروست يونس بنشريف العشق شفشاون,1,love
احيه هعيط والله شكل علم فلسطين وهو بيتنطط مع صوت وعزف مارسيل حاجه كده ما تتوصفش والله,0,joy
نعم الحب اكبر من البعد وعلي شانك يرخص كل غالي,1,love
للحنين بوصله لا تشير الا اليك بوصله انا انت,1,love
تتحرق الاوليمبياد قصاد زعلك,2,sad
مسا الغلا والشوق واحلي التعابير واحساس م ينساك لو نت غايب مساء الخير,0,joy
